Age,Fare,C,Q,Family,Child,Female,Class_1,Class_2
22,7,0,0,1,0,0,0,0
38,71,1,0,1,0,1,1,0
26,7,0,0,0,0,1,0,0
35,53,0,0,1,0,1,1,0
35,8,0,0,0,0,0,0,0
21,8,0,1,0,0,0,0,0
54,51,0,0,0,0,0,1,0
2,21,0,0,1,1,0,0,0
27,11,0,0,1,0,1,0,0
14,30,1,0,1,1,0,0,1
4,16,0,0,1,1,0,0,0
58,26,0,0,0,0,1,1,0
20,8,0,0,0,0,0,0,0
39,31,0,0,1,0,0,0,0
14,7,0,0,0,1,0,0,0
55,16,0,0,0,0,1,0,1
2,29,0,1,1,1,0,0,0
24,13,0,0,0,0,0,0,1
31,18,0,0,1,0,1,0,0
28,7,1,0,0,0,1,0,0
35,26,0,0,0,0,0,0,1
34,13,0,0,0,0,0,0,1
15,8,0,1,0,1,0,0,0
28,35,0,0,0,0,0,1,0
8,21,0,0,1,1,0,0,0
38,31,0,0,1,0,1,0,0
34,7,1,0,0,0,0,0,0
19,263,0,0,1,0,0,1,0
17,7,0,1,0,0,1,0,0
40,7,0,0,0,0,0,0,0
40,27,1,0,0,0,0,1,0
24,146,1,0,1,0,1,1,0
31,7,0,1,0,0,1,0,0
66,10,0,0,0,0,0,0,1
28,82,1,0,1,0,0,1,0
42,52,0,0,1,0,0,1,0
21,7,1,0,0,0,0,0,0
21,8,0,0,0,0,0,0,0
18,18,0,0,1,0,1,0,0
14,11,1,0,1,1,0,0,0
40,9,0,0,1,0,1,0,0
27,21,0,0,1,0,1,0,1
40,7,1,0,0,0,0,0,0
3,41,1,0,1,1,0,0,1
19,7,0,1,0,0,1,0,0
41,8,0,0,0,0,0,0,0
38,15,0,1,1,0,0,0,0
29,7,0,1,0,0,1,0,0
41,21,1,0,1,0,0,0,0
18,17,0,0,1,0,1,0,0
7,39,0,0,1,1,0,0,0
21,7,0,0,0,0,0,0,0
49,76,1,0,1,0,1,1,0
29,26,0,0,1,0,1,0,1
65,61,1,0,1,0,0,1,0
33,35,0,0,0,0,0,1,0
21,10,0,0,0,0,1,0,1
28,7,1,0,0,0,0,0,0
5,27,0,0,1,1,0,0,1
11,46,0,0,1,1,0,0,0
22,7,1,0,0,0,0,0,0
38,80,0,0,0,0,1,1,0
45,83,0,0,1,0,0,1,0
4,27,0,0,1,1,0,0,0
19,27,1,0,0,0,0,1,0
36,15,1,0,1,0,0,0,0
29,10,0,0,0,0,1,0,1
19,8,0,0,0,0,0,0,0
17,7,0,0,1,0,1,0,0
26,8,0,0,1,0,0,0,0
32,10,0,0,0,0,0,0,1
16,46,0,0,1,0,1,0,0
21,73,0,0,0,0,0,0,1
26,14,1,0,1,0,0,0,0
32,56,0,0,0,0,0,0,0
25,7,0,0,0,0,0,0,0
28,7,0,0,0,0,0,0,0
21,8,0,0,0,0,0,0,0
0,29,0,0,1,1,0,0,1
30,12,0,0,0,0,1,0,0
22,9,0,0,0,0,0,0,0
29,9,0,0,0,0,0,0,0
21,7,0,1,0,0,1,0,0
28,47,0,0,0,0,0,1,0
17,10,0,0,0,0,1,0,1
33,15,0,0,1,0,1,0,0
16,34,0,0,1,0,0,0,0
26,8,0,0,0,0,0,0,0
23,263,0,0,1,0,1,1,0
24,8,0,0,0,0,0,0,0
29,8,0,0,0,0,0,0,0
20,7,0,0,0,0,0,0,0
46,61,0,0,1,0,0,1,0
26,20,0,0,1,0,0,0,0
59,7,0,0,0,0,0,0,0
24,8,0,0,0,0,0,0,0
71,34,1,0,0,0,0,1,0
23,63,1,0,1,0,0,1,0
34,23,0,0,1,0,1,0,1
34,26,0,0,1,0,0,0,1
28,7,0,0,0,0,1,0,0
16,7,0,0,0,0,0,0,0
21,77,0,0,1,0,0,1,0
33,8,0,0,0,0,0,0,0
37,7,0,0,1,0,0,0,0
28,7,0,0,0,0,0,0,0
21,7,0,0,0,0,1,0,0
34,7,0,0,0,0,0,0,0
38,7,0,0,0,0,0,0,0
23,24,0,1,1,0,1,0,0
47,52,0,0,0,0,0,1,0
14,14,1,0,1,1,0,0,0
22,8,0,0,0,0,0,0,0
20,9,0,0,1,0,1,0,0
17,14,1,0,0,0,1,0,0
21,7,0,0,0,0,0,0,0
70,7,0,1,0,0,0,0,0
29,21,0,0,1,0,0,0,1
24,247,1,0,1,0,0,1,0
2,31,0,0,1,1,0,0,0
21,73,0,0,1,0,0,0,1
21,8,0,0,0,0,0,0,0
32,30,1,0,1,0,0,0,1
32,13,0,0,0,0,1,0,1
54,77,0,0,1,0,0,1,0
12,11,1,0,1,1,0,0,0
41,7,0,1,0,0,0,0,0
24,7,0,0,0,0,0,0,0
36,22,1,0,1,0,1,0,0
45,6,0,0,0,0,0,0,0
33,7,1,0,0,0,0,0,0
20,7,0,0,0,0,0,0,0
47,14,0,0,1,0,1,0,0
29,26,0,0,1,0,1,0,1
25,13,0,0,0,0,0,0,1
23,15,1,0,0,0,0,0,1
19,26,0,0,1,0,1,1,0
37,53,0,0,1,0,0,1,0
16,9,0,0,0,0,0,0,0
24,79,1,0,0,0,0,1,0
24,15,1,0,1,0,1,0,0
22,7,0,0,0,0,1,0,0
24,15,0,0,1,0,1,0,0
19,6,0,1,0,0,0,0,0
18,11,0,0,0,0,0,0,1
19,36,0,0,1,0,0,0,1
27,7,0,0,0,0,0,0,0
9,34,0,0,1,1,0,0,0
36,26,0,0,1,0,0,0,1
42,13,0,0,0,0,0,0,1
51,12,0,0,0,0,0,0,1
22,66,0,0,1,0,1,1,0
55,8,0,0,0,0,0,0,0
40,14,0,0,1,0,0,0,0
23,7,0,0,0,0,0,0,0
51,61,1,0,1,0,0,1,0
16,7,0,1,0,0,1,0,0
30,8,0,0,0,0,0,0,0
20,8,0,0,0,0,0,0,0
20,69,0,0,1,0,0,0,0
44,16,0,0,1,0,0,0,0
40,15,0,0,0,0,1,0,1
26,7,0,0,0,0,0,0,0
17,8,0,0,0,0,0,0,0
1,39,0,0,1,1,0,0,0
9,20,0,0,1,1,0,0,0
17,55,0,0,1,0,1,1,0
45,27,0,0,1,0,1,0,0
24,25,0,0,0,0,0,1,0
28,56,0,0,0,0,0,0,0
61,33,0,0,0,0,0,1,0
4,29,0,1,1,1,0,0,0
1,11,0,0,1,1,0,0,0
21,7,0,0,0,0,0,0,0
56,30,1,0,0,0,0,1,0
18,7,0,0,1,0,0,0,0
18,25,0,0,1,0,0,0,0
50,28,1,0,0,0,1,1,0
30,13,0,0,0,0,0,0,1
36,0,0,0,0,0,0,0,0
21,69,0,0,1,0,1,0,0
42,15,1,0,0,0,0,0,1
9,31,0,0,1,1,0,0,0
1,39,0,0,1,1,0,0,1
4,22,0,0,1,1,0,0,0
34,50,0,0,0,0,0,1,0
38,15,0,1,1,0,1,0,0
45,26,0,0,0,0,0,1,0
40,15,0,1,1,0,0,0,0
36,7,0,0,0,0,0,0,0
32,13,0,0,0,0,1,0,1
19,13,0,0,0,0,0,0,1
19,7,0,0,1,0,1,0,0
3,26,0,0,1,1,0,0,1
44,27,1,0,0,0,1,1,0
58,146,1,0,0,0,1,1,0
25,7,0,1,0,0,0,0,0
42,8,0,0,1,0,0,0,0
32,7,0,1,0,0,1,0,0
24,13,0,0,0,0,1,0,1
28,9,0,0,0,0,0,0,0
35,69,0,0,1,0,0,0,0
34,6,0,0,0,0,0,0,0
45,7,1,0,0,0,0,0,0
18,8,0,0,0,0,0,0,0
2,10,0,0,1,1,0,0,0
32,15,0,0,1,0,0,0,0
26,18,1,0,0,0,0,0,0
16,7,0,1,0,0,1,0,0
40,31,1,0,0,0,0,1,0
24,7,0,0,0,0,0,0,0
35,21,0,0,0,0,1,0,1
22,7,0,0,0,0,0,0,0
30,13,0,0,0,0,0,0,1
21,7,0,1,1,0,0,0,0
31,113,1,0,1,0,1,1,0
27,7,0,0,0,0,1,0,0
42,27,0,0,1,0,0,0,1
32,76,1,0,0,0,1,1,0
30,10,0,0,0,0,0,0,1
16,8,0,0,0,0,0,0,0
27,13,0,0,0,0,0,0,1
51,8,0,0,0,0,0,0,0
33,7,0,0,0,0,0,0,0
38,90,0,0,1,0,0,1,0
22,9,0,0,0,0,0,0,0
19,10,0,0,0,0,0,0,1
20,7,0,0,0,0,0,0,0
18,13,0,0,0,0,0,0,1
22,25,0,0,1,0,1,0,0
35,83,0,0,1,0,1,1,0
29,7,0,0,0,0,0,0,0
59,13,0,0,0,0,0,0,1
5,31,0,0,1,1,0,0,0
24,10,0,0,0,0,0,0,1
18,7,0,0,0,0,1,0,0
44,26,0,0,1,0,0,0,1
8,26,0,0,1,1,0,0,1
19,10,0,0,0,0,0,0,1
33,12,0,0,0,0,0,0,1
28,14,1,0,1,0,1,0,0
40,15,0,1,1,0,1,0,0
29,10,0,0,0,0,0,0,1
22,7,0,0,0,0,0,0,0
30,7,1,0,0,0,0,0,0
44,90,0,1,1,0,0,1,0
25,7,0,0,0,0,1,0,0
24,14,0,0,1,0,1,0,1
37,52,0,0,1,0,0,1,0
54,26,0,0,1,0,0,0,1
26,7,0,0,0,0,0,0,0
29,10,0,0,1,0,1,0,0
62,26,0,0,0,0,0,1,0
30,16,0,0,1,0,0,0,0
41,20,0,0,1,0,1,0,0
29,15,1,0,1,0,1,0,0
17,79,1,0,0,0,1,1,0
30,86,0,0,0,0,1,1,0
35,512,1,0,0,0,1,1,0
50,26,0,0,1,0,1,0,1
32,7,0,1,0,0,0,0,0
3,31,0,0,1,1,0,0,0
52,79,0,0,1,0,0,1,0
40,0,0,0,0,0,0,1,0
31,7,0,1,0,0,1,0,0
36,10,0,0,0,0,0,0,1
16,39,0,0,1,0,0,0,0
25,7,0,0,1,0,0,0,0
58,153,0,0,1,0,1,1,0
35,135,0,0,0,0,1,1,0
24,31,0,0,0,0,0,1,0
25,0,0,0,0,0,0,0,0
41,19,0,0,1,0,1,0,1
37,29,1,0,1,0,0,1,0
26,7,0,1,0,0,1,0,0
63,77,0,0,1,0,1,1,0
45,7,0,0,0,0,1,0,0
37,0,0,0,0,0,0,0,1
7,29,0,1,1,1,0,0,0
35,20,0,0,1,0,1,0,0
65,7,0,1,0,0,0,0,0
28,7,0,0,0,0,0,0,0
16,9,0,0,0,0,0,0,0
19,8,0,0,0,0,0,0,0
42,26,0,0,0,0,0,1,0
33,8,1,0,0,0,0,0,0
30,9,0,0,0,0,0,0,0
22,7,0,0,0,0,0,0,0
42,13,0,0,0,0,0,0,1
22,7,0,1,0,0,1,0,0
26,78,0,0,0,0,1,1,0
19,91,1,0,1,0,1,1,0
36,12,1,0,0,0,0,0,1
24,8,0,0,0,0,1,0,0
24,7,0,0,0,0,0,0,0
15,27,1,0,0,1,0,1,0
23,7,1,0,0,0,0,0,0
2,151,0,0,1,1,0,1,0
17,30,0,0,0,0,0,1,0
50,247,1,0,1,0,1,1,0
32,7,0,1,0,0,1,0,0
36,23,0,1,1,0,0,0,0
19,0,0,0,0,0,0,0,0
31,12,0,1,0,0,1,0,1
34,8,0,0,0,0,0,0,0
0,151,0,0,1,1,0,1,0
40,110,1,0,0,0,1,1,0
17,108,1,0,1,0,1,1,0
30,24,1,0,1,0,0,0,1
30,56,1,0,0,0,1,1,0
24,83,1,0,0,0,1,1,0
18,262,1,0,1,0,1,1,0
26,26,0,0,1,0,1,0,1
28,7,0,0,0,0,0,0,0
43,26,0,0,1,0,0,0,1
26,7,0,0,0,0,1,0,0
24,26,0,0,1,0,1,0,1
54,14,0,0,0,0,0,0,1
31,164,0,0,1,0,1,1,0
40,134,1,0,1,0,1,1,0
22,7,0,0,0,0,0,0,0
27,7,0,0,0,0,0,0,0
30,12,0,1,0,0,1,0,1
22,29,0,0,1,0,1,0,1
35,69,0,0,1,0,0,0,0
36,135,1,0,0,0,1,1,0
61,6,0,0,0,0,0,0,0
36,13,0,0,0,0,1,0,1
31,20,0,0,1,0,1,0,0
16,57,1,0,1,0,1,1,0
36,23,0,1,1,0,1,0,0
45,28,0,0,0,0,0,1,0
38,153,0,0,1,0,0,1,0
16,18,0,0,1,0,0,0,0
23,133,0,0,1,0,1,1,0
28,7,0,0,0,0,0,0,0
29,66,0,0,1,0,0,1,0
41,134,1,0,0,0,1,1,0
45,8,0,0,0,0,0,0,0
45,35,0,0,0,0,0,1,0
2,26,0,0,1,1,0,0,1
24,263,0,0,1,0,1,1,0
28,13,0,0,0,0,0,0,1
25,13,0,0,0,0,0,0,1
36,13,0,0,0,0,0,0,1
24,13,0,0,0,0,1,0,1
40,13,0,0,0,0,1,0,1
39,16,0,0,1,0,1,0,0
3,15,0,0,1,1,0,0,0
42,8,0,0,0,0,0,0,0
23,9,0,0,0,0,0,0,0
24,35,0,0,0,0,0,1,0
15,7,1,0,1,1,0,0,0
25,17,0,0,1,0,0,0,0
36,7,1,0,0,0,0,0,0
28,9,0,0,0,0,0,0,0
22,55,0,0,1,0,1,1,0
38,13,0,0,0,0,1,0,1
43,7,0,1,0,0,1,0,0
33,7,0,1,0,0,1,0,0
40,27,0,0,1,0,0,0,0
29,27,1,0,1,0,0,0,1
45,14,1,0,1,0,1,0,0
35,7,0,0,0,0,0,0,0
27,15,0,1,1,0,0,0,0
30,7,0,0,0,0,0,0,0
60,75,1,0,1,0,1,1,0
38,7,1,0,0,0,1,0,0
32,7,0,1,0,0,1,0,0
24,69,1,0,0,0,1,1,0
25,55,1,0,1,0,0,1,0
18,6,0,0,1,0,0,0,0
19,8,0,0,0,0,0,0,0
22,135,1,0,0,0,0,1,0
3,21,0,0,1,1,0,0,0
19,82,1,0,1,0,1,1,0
22,7,0,0,0,0,1,0,0
27,211,1,0,1,0,0,1,0
20,4,1,0,0,0,0,0,0
19,7,0,0,0,0,0,0,0
42,227,1,0,0,0,1,1,0
1,15,1,0,1,1,0,0,0
32,7,0,0,0,0,0,0,0
35,52,0,0,1,0,1,1,0
22,7,0,0,0,0,0,0,0
18,73,0,0,0,0,0,0,1
1,46,0,0,1,1,0,0,0
36,13,0,0,0,0,1,0,1
25,7,0,1,0,0,0,0,0
17,12,1,0,0,0,1,0,1
36,120,0,0,1,0,0,1,0
21,7,0,0,0,0,0,0,0
28,7,0,0,1,0,0,0,0
23,113,1,0,1,0,1,1,0
24,16,0,0,1,0,1,0,0
22,7,0,0,0,0,0,0,0
31,7,0,0,0,0,1,0,0
46,26,0,0,0,0,0,0,1
23,10,0,0,0,0,0,0,1
28,12,0,0,0,0,1,0,1
39,7,0,0,0,0,0,0,0
26,8,0,0,0,0,0,0,0
21,9,0,0,1,0,1,0,0
28,15,0,0,1,0,0,0,0
20,8,0,0,0,0,1,0,0
34,21,0,0,1,0,0,0,1
51,7,0,0,0,0,0,0,0
3,18,0,0,1,1,0,0,1
21,7,0,0,0,0,0,0,0
33,25,0,0,1,0,1,0,0
37,7,0,0,0,0,0,0,0
15,6,0,1,0,1,0,0,0
33,90,0,1,1,0,1,1,0
19,0,0,0,0,0,0,0,1
44,7,0,0,0,0,0,0,0
37,8,0,0,0,0,1,0,0
34,32,0,0,1,0,1,0,1
18,13,0,0,1,0,1,0,1
30,13,0,0,0,0,0,0,1
10,24,0,0,1,1,0,0,0
35,7,1,0,0,0,0,0,0
21,7,0,1,0,0,0,0,0
29,7,0,0,0,0,0,0,0
28,14,0,0,1,0,1,0,0
18,20,0,0,1,0,0,0,0
36,7,0,0,0,0,0,0,0
28,26,0,0,1,0,1,0,1
19,26,0,0,0,0,1,0,1
28,7,0,1,0,0,0,0,0
32,8,0,0,0,0,0,0,0
28,26,0,0,0,0,0,1,0
31,16,0,0,1,0,1,0,0
42,26,0,0,1,0,1,0,1
17,7,0,0,0,0,0,0,0
50,55,0,0,1,0,0,1,0
14,120,0,0,1,1,0,1,0
21,34,0,0,1,0,1,0,0
24,18,0,0,1,0,1,0,1
64,263,0,0,1,0,0,1,0
31,10,0,0,0,0,0,0,1
45,26,0,0,1,0,1,0,1
20,9,0,0,0,0,0,0,0
25,7,0,0,1,0,0,0,0
28,13,0,0,0,0,1,0,1
16,8,0,0,0,0,0,0,0
4,81,0,0,1,1,0,1,0
13,19,0,0,1,1,0,0,1
34,26,0,0,0,0,0,1,0
5,19,1,0,1,1,0,0,0
52,30,0,0,0,0,0,1,0
36,27,0,0,1,0,0,0,1
23,19,0,0,1,0,0,0,0
30,27,1,0,0,0,0,1,0
49,89,1,0,1,0,0,1,0
32,8,0,0,0,0,0,0,0
29,7,1,0,0,0,0,0,0
65,26,0,0,0,0,0,1,0
27,51,0,0,1,0,1,1,0
50,10,0,0,0,0,1,0,1
39,7,0,1,0,0,0,0,0
48,26,0,0,0,0,0,1,0
34,8,0,0,0,0,0,0,0
47,38,0,0,0,0,0,1,0
48,13,0,0,0,0,0,0,1
15,8,0,0,0,1,0,0,0
38,7,0,0,0,0,0,0,0
25,0,0,0,0,0,0,0,1
56,26,0,0,0,0,0,1,0
33,7,0,1,0,0,0,0,0
0,19,1,0,1,1,0,0,0
28,7,0,0,0,0,0,0,0
38,8,0,0,0,0,0,0,0
33,27,0,0,1,0,1,0,1
23,13,1,0,0,0,1,0,1
22,9,0,0,0,0,1,0,0
41,52,0,0,0,0,0,1,0
34,21,0,0,1,0,0,0,1
29,7,0,0,1,0,0,0,0
22,7,0,0,0,0,0,0,0
2,12,0,0,1,1,0,0,0
9,46,0,0,1,1,0,0,0
16,0,0,0,0,0,0,0,1
50,8,0,0,0,0,0,0,0
63,9,0,0,0,0,1,0,0
25,91,1,0,1,0,0,1,0
34,25,0,0,1,0,1,0,0
35,90,0,0,1,0,1,1,0
58,29,1,0,0,0,0,1,0
30,8,0,0,0,0,0,0,0
9,15,0,0,1,1,0,0,0
26,19,0,0,1,0,0,0,0
21,7,0,0,0,0,0,0,0
55,30,0,0,0,0,0,1,0
71,49,1,0,0,0,0,1,0
21,8,0,0,0,0,0,0,0
42,14,1,0,0,0,0,0,0
54,78,1,0,1,0,1,1,0
20,15,0,0,0,0,0,0,0
25,151,0,0,1,0,1,1,0
24,7,0,0,0,0,0,0,0
17,8,0,0,0,0,0,0,0
21,7,0,1,0,0,1,0,0
34,7,0,1,0,0,1,0,0
37,9,0,0,0,0,1,0,0
16,86,0,0,0,0,1,1,0
18,108,1,0,1,0,0,1,0
33,26,0,0,1,0,1,0,1
27,26,0,0,0,0,0,1,0
28,22,0,0,0,0,0,0,0
26,56,0,0,0,0,0,0,0
29,7,0,1,0,0,0,0,0
16,8,0,0,0,0,0,0,0
36,26,0,0,0,0,0,1,0
54,59,1,0,1,0,1,1,0
24,7,0,0,0,0,0,0,0
47,34,0,0,0,0,0,1,0
34,10,0,0,0,0,1,0,1
42,24,0,1,0,0,0,0,0
36,26,0,0,1,0,1,0,1
32,7,0,0,0,0,0,0,0
30,93,0,0,0,0,1,1,0
22,7,0,0,0,0,0,0,0
38,7,1,0,0,0,0,0,0
44,57,1,0,1,0,1,1,0
25,7,1,0,0,0,0,0,0
40,7,0,1,0,0,0,0,0
50,10,0,0,0,0,1,0,1
15,221,0,0,0,1,0,1,0
39,7,0,0,0,0,0,0,0
23,11,0,0,1,0,0,0,1
2,26,0,0,1,1,0,0,1
23,7,1,0,0,0,0,0,0
17,7,1,0,1,0,0,0,0
25,22,1,0,1,0,1,0,0
30,8,0,0,0,0,1,0,0
7,26,0,0,1,1,0,0,1
45,26,0,0,0,0,0,1,0
30,106,1,0,0,0,1,1,0
28,14,0,0,0,0,0,0,0
22,49,1,0,1,0,1,1,0
36,71,0,0,1,0,1,1,0
9,31,0,0,1,1,0,0,0
11,31,0,0,1,1,0,0,0
32,26,0,0,1,0,0,0,1
50,106,1,0,1,0,0,1,0
64,26,0,0,0,0,0,1,0
19,26,0,0,1,0,1,0,1
40,13,1,0,0,0,0,0,1
33,20,0,0,1,0,0,0,0
8,36,0,0,1,1,0,0,1
17,110,1,0,1,0,0,1,0
27,26,0,0,0,0,0,0,1
24,7,0,1,0,0,0,0,0
22,7,1,0,0,0,0,0,0
22,7,0,0,0,0,1,0,0
62,26,0,0,0,0,0,1,0
48,39,1,0,1,0,1,1,0
32,227,1,0,0,0,0,1,0
39,79,0,0,1,0,1,1,0
36,17,0,0,1,0,1,0,0
24,7,0,1,0,0,0,0,0
40,7,0,0,0,0,0,0,0
28,13,0,0,0,0,0,0,1
19,8,0,0,0,0,0,0,0
40,8,0,0,0,0,1,0,0
24,24,0,0,1,0,0,0,0
19,7,0,0,0,0,0,0,0
29,21,0,0,1,0,1,0,0
27,7,1,0,0,0,0,0,0
32,7,0,0,0,0,0,0,0
62,10,0,0,0,0,0,0,1
53,51,0,0,1,0,1,1,0
36,26,0,0,0,0,0,1,0
31,7,0,1,0,0,1,0,0
16,8,0,0,0,0,0,0,0
19,14,0,0,0,0,0,0,0
34,13,0,0,0,0,1,0,1
39,55,0,0,1,0,1,1,0
18,14,1,0,1,0,1,0,0
32,7,0,0,0,0,0,0,0
25,30,0,0,1,0,1,0,1
39,110,1,0,1,0,1,1,0
54,26,0,0,0,0,0,0,1
36,40,1,0,0,0,0,1,0
21,8,1,0,0,0,0,0,0
18,79,0,0,1,0,1,1,0
47,15,0,0,0,0,0,0,1
60,79,1,0,1,0,0,1,0
22,8,0,0,0,0,0,0,0
29,8,0,0,0,0,0,0,0
35,7,0,0,0,0,0,0,0
52,78,1,0,1,0,1,1,0
47,7,0,0,0,0,0,0,0
18,7,0,1,1,0,1,0,0
37,26,0,0,1,0,0,0,1
36,24,0,0,1,0,0,0,0
37,33,0,0,0,0,1,0,1
49,0,0,0,0,0,0,0,0
28,7,1,0,0,0,0,0,0
49,56,1,0,1,0,0,1,0
24,27,0,0,1,0,1,0,1
19,7,0,0,0,0,0,0,0
39,42,0,0,0,0,0,1,0
44,8,0,0,0,0,0,0,0
35,26,1,0,0,0,0,1,0
36,15,0,0,1,0,0,0,0
30,7,0,0,0,0,0,0,0
27,30,0,0,0,0,0,1,0
22,41,1,0,1,0,1,0,1
40,153,0,0,0,0,1,1,0
39,31,0,0,1,0,1,0,0
17,7,0,0,0,0,0,0,0
15,15,0,1,1,1,0,0,0
31,7,0,1,0,0,0,0,0
35,8,0,0,0,0,0,0,0
24,65,0,0,1,0,1,0,1
34,14,0,0,1,0,0,0,0
26,16,0,0,1,0,1,0,0
4,39,0,0,1,1,0,0,1
26,10,0,0,0,0,0,0,1
27,14,1,0,1,0,0,0,0
42,52,0,0,1,0,0,1,0
20,15,1,0,1,0,0,0,0
21,7,0,0,0,0,0,0,0
21,16,0,0,0,0,0,0,0
61,32,0,0,0,0,0,1,0
57,12,0,1,0,0,0,0,1
21,77,0,0,0,0,1,1,0
26,7,0,0,0,0,0,0,0
37,7,0,1,0,0,0,0,0
80,30,0,0,0,0,0,1,0
51,7,0,0,0,0,0,0,0
32,30,1,0,0,0,0,1,0
20,0,0,0,0,0,0,1,0
9,27,0,0,1,1,0,0,0
28,13,0,0,0,0,1,0,1
32,7,0,0,0,0,0,0,0
31,26,0,0,1,0,0,0,1
41,39,0,0,1,0,1,0,0
18,16,0,0,1,0,0,0,0
20,7,0,0,0,0,0,0,0
24,69,1,0,0,0,1,1,0
2,27,0,0,1,1,0,0,0
41,56,0,0,0,0,0,0,0
0,19,1,0,1,1,0,0,0
48,76,1,0,1,0,0,1,0
19,7,0,0,0,0,0,0,0
56,35,1,0,0,0,0,1,0
35,7,0,0,0,0,0,0,0
23,7,0,0,0,0,1,0,0
28,7,0,0,0,0,0,0,0
18,23,0,0,1,0,1,0,1
21,8,0,0,0,0,0,0,0
24,7,0,1,0,0,1,0,0
18,6,0,1,0,0,1,0,0
24,73,0,0,1,0,0,0,1
16,7,0,0,0,0,0,0,0
32,15,0,1,1,0,1,0,0
23,13,0,0,0,0,0,0,1
58,113,1,0,1,0,0,1,0
50,133,0,0,1,0,0,1,0
40,7,1,0,0,0,0,0,0
47,25,0,0,0,0,0,1,0
36,7,0,0,0,0,0,0,0
20,7,0,0,1,0,0,0,0
32,73,0,0,1,0,0,0,1
25,13,0,0,0,0,0,0,1
20,7,0,0,0,0,0,0,0
43,8,0,0,0,0,0,0,0
20,52,0,0,1,0,1,1,0
40,39,0,0,1,0,1,0,1
31,52,0,0,1,0,0,1,0
70,10,0,0,0,0,0,0,1
31,13,0,0,0,0,0,0,1
38,0,0,0,0,0,0,0,1
18,7,0,0,0,0,0,0,0
24,8,0,0,0,0,0,0,0
18,9,0,0,0,0,1,0,0
43,46,0,0,1,0,1,0,0
36,512,1,0,1,0,0,1,0
18,8,0,1,0,0,1,0,0
27,76,1,0,0,0,0,1,0
20,9,0,0,0,0,0,0,0
14,46,0,0,1,1,0,0,0
60,39,0,0,1,0,0,0,1
25,41,1,0,1,0,0,0,1
14,39,0,0,1,1,0,0,0
19,10,0,0,0,0,0,0,0
18,7,0,0,0,0,0,0,0
15,211,0,0,1,1,0,1,0
31,57,0,0,1,0,0,1,0
4,13,1,0,1,1,0,0,0
25,56,0,0,0,0,0,0,0
25,7,1,0,0,0,0,0,0
60,26,0,0,0,0,0,1,0
52,13,0,0,0,0,0,0,1
44,8,0,0,0,0,0,0,0
30,7,0,1,0,0,1,0,0
49,110,1,0,1,0,0,1,0
42,7,0,0,0,0,0,0,0
18,227,1,0,1,0,1,1,0
35,26,0,0,0,0,0,1,0
18,14,1,0,1,0,1,0,0
25,7,0,1,0,0,0,0,0
26,7,0,0,1,0,0,0,0
39,26,0,0,0,0,0,0,1
45,13,0,0,0,0,1,0,1
42,26,0,0,0,0,0,1,0
22,151,0,0,0,0,1,1,0
28,15,1,0,1,0,0,0,0
24,49,1,0,0,0,1,1,0
16,26,0,0,0,0,0,1,0
48,52,0,0,1,0,0,1,0
29,9,0,0,0,0,0,0,0
52,13,0,0,0,0,0,0,1
19,7,0,0,0,0,0,0,0
38,227,1,0,0,0,1,1,0
27,10,0,0,0,0,1,0,1
37,15,0,1,0,0,0,0,0
33,7,0,0,0,0,0,0,0
6,33,0,0,1,1,0,0,1
17,7,0,0,1,0,0,0,0
34,13,0,0,0,0,0,0,1
50,13,0,0,0,0,0,0,1
27,53,0,0,1,0,0,1,0
20,8,0,0,0,0,0,0,0
30,21,0,0,1,0,1,0,1
23,7,0,1,0,0,1,0,0
25,26,0,0,1,0,0,0,1
25,7,0,0,1,0,1,0,0
29,211,0,0,0,0,1,1,0
11,18,1,0,0,1,0,0,0
21,0,0,0,0,0,0,0,1
23,13,0,0,0,0,0,0,1
23,13,0,0,0,0,0,0,1
28,16,0,0,0,0,0,0,0
48,34,0,0,1,0,1,0,0
35,512,1,0,0,0,0,1,0
24,7,0,0,0,0,0,0,0
15,7,0,0,0,1,0,0,0
38,30,0,0,0,0,0,1,0
36,78,0,0,1,0,0,1,0
21,262,1,0,1,0,1,1,0
24,16,0,0,1,0,0,0,0
31,7,0,0,0,0,0,0,0
70,71,0,0,1,0,0,1,0
16,20,0,0,1,0,0,0,0
30,13,0,0,0,0,1,0,1
19,53,0,0,1,0,0,1,0
31,7,0,1,0,0,0,0,0
4,23,0,0,1,1,0,0,1
6,12,0,0,1,1,0,0,0
33,9,0,0,0,0,0,0,0
23,7,0,0,0,0,0,0,0
48,65,0,0,1,0,1,0,1
0,14,0,0,1,1,0,0,1
28,7,0,0,0,0,0,0,0
18,11,0,0,0,0,0,0,1
34,8,0,0,0,0,0,0,0
33,86,0,0,0,0,1,1,0
31,14,0,0,0,0,0,0,0
41,7,0,0,0,0,0,0,0
20,7,1,0,0,0,0,0,0
36,120,0,0,1,0,1,1,0
16,7,0,0,0,0,0,0,0
51,77,0,0,1,0,1,1,0
38,39,1,0,0,0,0,1,0
30,7,0,1,0,0,1,0,0
42,24,0,1,1,0,0,0,0
32,8,0,0,0,0,0,0,0
24,9,0,0,0,0,0,0,0
48,7,0,0,0,0,0,0,0
57,10,0,0,0,0,1,0,1
15,7,1,0,0,1,0,0,0
54,23,0,0,1,0,1,0,1
18,7,0,0,0,0,0,0,0
41,7,0,1,0,0,0,0,0
5,12,0,0,0,1,0,0,0
39,7,0,1,0,0,0,0,0
43,211,0,0,1,0,1,1,0
13,7,1,0,0,1,0,0,0
17,57,0,0,1,0,1,1,0
29,30,0,0,0,0,0,1,0
39,23,0,0,1,0,0,0,0
25,7,0,0,0,0,0,0,0
25,7,0,0,0,0,0,0,0
18,7,0,0,0,0,1,0,0
8,29,0,1,1,1,0,0,0
1,20,0,0,1,1,0,0,0
46,79,1,0,0,0,0,1,0
27,7,0,1,0,0,0,0,0
16,26,0,0,0,0,0,0,1
35,69,0,0,1,0,1,0,0
43,30,1,0,0,0,0,1,0
25,7,0,0,0,0,0,0,0
39,13,0,0,0,0,0,0,1
49,25,0,0,0,0,1,1,0
31,8,0,0,0,0,1,0,0
30,7,1,0,0,0,0,0,0
30,24,0,0,1,0,1,0,0
34,13,0,0,0,0,0,0,1
31,26,0,0,1,0,1,0,1
11,120,0,0,1,1,0,1,0
0,8,1,0,1,1,0,0,0
27,6,0,0,0,0,0,0,0
31,7,0,0,0,0,0,0,0
39,0,0,0,0,0,0,1,0
18,7,0,0,0,0,1,0,0
39,13,0,0,0,0,0,0,1
33,53,0,0,1,0,1,1,0
26,7,0,0,0,0,0,0,0
39,24,0,0,0,0,0,0,0
35,10,0,0,0,0,0,0,1
6,31,0,0,1,1,0,0,0
30,8,0,0,0,0,0,0,0
41,0,0,0,0,0,0,1,0
23,7,0,0,0,0,1,0,0
31,37,1,0,1,0,0,0,1
43,6,0,0,0,0,0,0,0
10,27,0,0,1,1,0,0,0
52,93,0,0,1,0,1,1,0
27,8,0,0,0,0,0,0,0
38,0,0,0,0,0,0,1,0
27,12,0,0,1,0,1,0,0
2,39,0,0,1,1,0,0,0
38,6,0,1,0,0,0,0,0
32,56,0,0,0,0,0,0,0
1,37,1,0,1,1,0,0,1
43,7,0,1,0,0,0,0,0
62,80,0,0,0,0,1,1,0
15,14,1,0,1,1,0,0,0
0,18,0,0,1,1,0,0,1
40,7,1,0,0,0,0,0,0
23,7,0,0,0,0,0,0,0
18,8,0,0,0,0,0,0,0
39,83,1,0,1,0,1,1,0
21,8,0,0,0,0,0,0,0
35,8,0,0,0,0,0,0,0
32,56,0,0,0,0,0,0,0
41,29,1,0,0,0,0,1,0
20,7,0,0,0,0,0,0,0
16,10,0,0,0,0,0,0,1
30,31,1,0,0,0,1,1,0
34,6,1,0,0,0,0,0,0
17,8,0,0,0,0,0,0,0
42,7,0,0,0,0,0,0,0
29,69,0,0,1,0,0,0,0
35,7,1,0,0,0,0,0,0
28,33,0,0,1,0,0,0,1
40,89,1,0,1,0,1,1,0
4,31,0,0,1,1,0,0,0
74,7,0,0,0,0,0,0,0
9,15,1,0,1,1,0,0,0
16,39,0,0,1,0,1,1,0
44,26,0,0,1,0,1,0,1
18,9,0,0,1,0,1,0,0
45,164,0,0,1,0,1,1,0
51,26,0,0,0,0,0,1,0
24,19,1,0,1,0,1,0,0
36,7,1,0,0,0,0,0,0
41,14,0,0,1,0,0,0,0
21,11,0,0,1,0,0,0,1
48,25,0,0,0,0,1,1,0
32,69,0,0,1,0,1,0,0
24,13,0,0,0,0,0,0,1
42,13,0,0,0,0,1,0,1
27,13,1,0,1,0,1,0,1
31,50,0,0,0,0,0,1,0
16,9,0,0,0,0,0,0,0
4,11,0,0,1,1,0,0,0
26,7,0,0,0,0,0,0,0
47,52,0,0,1,0,1,1,0
33,5,0,0,0,0,0,1,0
47,9,0,0,0,0,0,0,0
28,24,1,0,1,0,1,0,1
15,7,1,0,0,1,0,0,0
20,9,0,0,0,0,0,0,0
19,7,0,0,0,0,0,0,0
36,7,0,0,0,0,0,0,0
56,83,1,0,1,0,1,1,0
25,26,0,0,1,0,1,0,1
33,7,0,0,0,0,0,0,0
22,10,0,0,0,0,1,0,0
28,10,0,0,0,0,0,0,1
25,7,0,0,0,0,0,0,0
39,29,0,1,1,0,1,0,0
27,13,0,0,0,0,0,0,1
19,30,0,0,0,0,1,1,0
20,23,0,0,1,0,1,0,0
26,30,1,0,0,0,0,1,0
32,7,0,1,0,0,0,0,0
